emre , null , emreduman3000@gmail.com
Ali , null , cem7can77@gmail.com
ishak , null , ishaks@hotmail.com
Brad , null , brad@gmail.cm
globalcostumer1 , null , globalcostumer1@gmail.com
group8 , null , sasal@gmail.con
admin2 , null , random@gmail.com
Team5 , null , team5customer@gmail.com
af , null , 123v@gmail.com
test , null , mol5442l091@moneymail.com
af , null , 123vv@gmail.com
Habib , null , globalemployeehb@gmail.com
K , null , k@gmail.com
Sam , null , ssmith_67@gmail.com
Hakan , null , hakan@gmail.com
zehra , null , zehraozcelik14@gmail.com
Eyup , null , fanidunya@gmail.com
TURKER , null , ttnt@hotmail.com
Kamile , null , ky@gmail.com
group8user , null , group8user@gmail.com
emre , null , emreduman3000@gmail.com
Ali , null , cem7can77@gmail.com
ishak , null , ishaks@hotmail.com
Brad , null , brad@gmail.cm
globalcostumer1 , null , globalcostumer1@gmail.com
group8 , null , sasal@gmail.con
admin2 , null , random@gmail.com
Team5 , null , team5customer@gmail.com
af , null , 123v@gmail.com
test , null , mol5442l091@moneymail.com
af , null , 123vv@gmail.com
Habib , null , globalemployeehb@gmail.com
K , null , k@gmail.com
Sam , null , ssmith_67@gmail.com
Hakan , null , hakan@gmail.com
zehra , null , zehraozcelik14@gmail.com
Eyup , null , fanidunya@gmail.com
TURKER , null , ttnt@hotmail.com
Kamile , null , ky@gmail.com
group8user , null , group8user@gmail.com
